{"_step":7,"_wandb":{"runtime":0},"accuracy":0.7780490911700952,"loss":0.19240133521897257,"_timestamp":1.728158704487285e+09,"_runtime":0.7732257}